Series_Title,Released_Year,Gross,Gross_Adjusted,Budget_Original,Budget_Adjusted,ROI
The Godfather,1972,134966411.0,1012858337.3248566,6000000.0,45027129.186602876,21.494401833333335
The Dark Knight,2008,534858444.0,779270193.3550206,185000000.0,269538580.5121155,1.8911267243243246
The Godfather: Part II,1974,57300000.0,364591880.32454365,13000000.0,82717180.52738337,3.4076923076923076
12 Angry Men,1957,4360000.0,48672029.89323844,350000.0,3907158.362989324,11.457142857142859
The Lord of the Rings: The Return of the King,2003,377845905.0,644163609.204049,94000000.0,160254163.04347828,3.0196372872340427
Pulp Fiction,1994,107928762.0,228448484.635749,8000000.0,16933279.352226723,12.491095249999999
Schindler's List,1993,96898818.0,210353586.98686507,22000000.0,47758878.89273357,3.4044917272727275
Inception,2010,292576195.0,420891578.46312416,160000000.0,230171332.13486445,0.8286012187499999
Fight Club,1999,37030102.0,69723503.39902762,63000000.0,118621890.75630254,-0.4122206031746032
The Lord of the Rings: The Fellowship of the Ring,2001,315544750.0,558909752.0200453,93000000.0,164726578.20440432,2.3929543010752687
Forrest Gump,1994,330252182.0,699031556.8110527,55000000.0,116416295.54655872,5.004585127272726
"Il buono, il brutto, il cattivo",1966,6100000.0,59058731.48148149,,,
The Lord of the Rings: The Two Towers,2002,342551365.0,597301807.3123124,79000000.0,137751145.08060035,3.3360932278481004
The Matrix,1999,171479930.0,322877357.5136255,63000000.0,118621890.75630254,1.721903650793651
Goodfellas,1990,46836394.0,112410570.75337416,,,
Star Wars: Episode V - The Empire Strikes Back,1980,290475067.0,1105811083.6427548,,,
One Flew Over the Cuckoo's Nest,1975,112000000.0,653032862.4535316,3000000.0,17491951.672862455,36.333333333333336
Hamilton,2020,,,,,
Gisaengchung,2019,53367844.0,65481898.076391414,,,
Soorarai Pottru,2020,,,,,
Interstellar,2014,188020017.0,249137482.73483124,165000000.0,218634618.30900246,0.1395152545454546
Cidade de Deus,2002,7563397.0,13188184.777837688,,,
Sen to Chihiro no kamikakushi,2001,10055859.0,17811475.74167702,,,
Saving Private Ryan,1998,216540909.0,416727001.24724543,70000000.0,134713067.4846626,2.093441557142857
The Green Mile,1999,136801374.0,257581549.87206486,60000000.0,112973229.2917167,1.2800229
La vita è bella,1997,57598247.0,112572813.10394393,,,
Se7en,1995,100125643.0,206091291.5159252,33000000.0,67924783.46456693,2.034110393939394
The Silence of the Lambs,1991,130742922.0,301120532.0062996,19000000.0,43759845.81497798,5.881206421052632
Star Wars,1977,322740140.0,1670627587.070297,11000000.0,56940247.524752475,28.34001272727273
Seppuku,1962,,,,,
Shichinin no samurai,1954,269061.0,3137601.33936803,,,
It's a Wonderful Life,1946,,,3180000.0,51155436.92307693,
Joker,2019,335451311.0,411595951.98363036,,,
Whiplash,2014,13092000.0,17347663.16909976,3300000.0,4372692.366180049,2.9672727272727273
The Intouchables,2011,13182281.0,18383368.578187864,,,
The Prestige,2006,53089891.0,82607712.39037204,40000000.0,62239880.95238096,0.327247275
The Departed,2006,132384315.0,205989600.13906252,90000000.0,140039732.14285716,0.4709368333333333
The Pianist,2002,32572577.0,56796326.32881045,35000000.0,61028988.32684825,-0.06935494285714287
Gladiator,2000,187705427.0,341934539.4320732,103000000.0,187630470.38327527,0.822382786407767
American History X,1998,6719864.0,12932192.75028221,20000000.0,38489447.85276074,-0.6640068
The Usual Suspects,1995,23341568.0,48044574.30677166,6000000.0,12349960.629921261,2.890261333333333
Léon,1994,19501238.0,41277488.846032396,,,
The Lion King,1994,422783777.0,894889475.1913159,45000000.0,95249696.35627532,8.395195044444444
Terminator 2: Judgment Day,1991,204843350.0,471784916.4328194,100000000.0,230314977.9735683,1.0484335
Nuovo Cinema Paradiso,1988,11990401.0,31794225.691369403,,,
Hotaru no haka,1988,,,,,
Back to the Future,1985,210609762.0,613995963.1228439,19000000.0,55391180.29739778,10.084724315789472
Once Upon a Time in the West,1968,5321508.0,47968348.3624138,5000000.0,45070258.62068966,0.06430160000000006
Psycho,1960,32000000.0,339123243.2432432,806948.0,8551713.21527027,38.655591190510414
Casablanca,1942,1024560.0,19717374.346012272,878000.0,16896867.607361965,0.1669248291571754
Modern Times,1936,163245.0,3684040.3456834536,1.0,22.567553956834534,163244.0
City Lights,1931,19181.0,395846.6255921053,,,
Capharnaüm,2018,1661096.0,2075081.7107607517,,,
Ayla: The Daughter of War,2017,,,,,
Vikram Vedha,2017,,,,,
Kimi no na wa.,2016,5017246.0,6557537.407217289,,,
Dangal,2016,12391761.0,16196023.934006091,,,
Spider-Man: Into the Spider-Verse,2018,190241310.0,237654092.8472325,,,
Avengers: Endgame,2019,858373000.0,1053216489.2688249,,,
Avengers: Infinity War,2018,678815482.0,847992886.4312744,,,
Coco,2017,209726015.0,268394027.0860599,,,
Django Unchained,2012,162805434.0,222437318.85862002,100000000.0,136627699.33012187,0.62805434
The Dark Knight Rises,2012,448139099.0,612282140.7624372,250000000.0,341569248.32530475,0.7925563959999997
3 Idiots,2009,6532908.0,9552204.876604035,,,
Taare Zameen Par,2007,1223869.0,1851974.156975398,,,
WALL·E,2008,223808164.0,326080728.8193662,180000000.0,262253754.01178804,0.24337868888888897
The Lives of Others,2006,11286112.0,17561156.682380956,2000000.0,3111994.047619048,4.6430560000000005
Oldeuboi,2003,707481.0,1206135.9098315218,,,
Memento,2000,25544867.0,46533936.02998258,9000000.0,16394895.470383277,1.8383185555555552
Mononoke-hime,1997,2375308.0,4642417.390728972,,,
Once Upon a Time in America,1984,5321508.0,16066395.79414822,30000000.0,90574302.21366699,-0.8226164
Raiders of the Lost Ark,1981,248159971.0,856381222.6954786,18000000.0,62116633.66336633,12.786665055555558
The Shining,1980,44017374.0,167569976.1248301,19000000.0,72331201.45631067,1.3167038947368424
Apocalypse Now,1979,83471511.0,360662463.003843,31500000.0,136104731.4049587,1.649889238095238
Alien,1979,78900000.0,340909946.28099173,11000000.0,47528636.36363637,6.172727272727272
Anand,1971,,,,,
Tengoku to jigoku,1963,,,,,
Dr. Strangelove or: How I Learned to Stop Worrying and Love the Bomb,1964,275902.0,2791852.3380000005,1800000.0,18214200.000000004,-0.8467211111111111
Witness for the Prosecution,1957,8175000.0,91260056.04982208,,,
Paths of Glory,1957,,,,,
Rear Window,1954,36764313.0,428719724.1879926,,,
Sunset Blvd.,1950,,,,,
The Great Dictator,1940,288475.0,6463673.876785714,,,
1917,2019,159227644.0,195370986.9814478,,,
Tumbbad,2018,,,,,
Andhadhun,2018,1373943.0,1716363.1668053858,,,
Drishyam,2013,,,,,
Jagten,2012,687185.0,938885.0556416981,,,
Jodaeiye Nader az Simin,2011,7098492.0,9899212.039655196,,,
Incendies,2010,6857096.0,9864418.255604066,6800000.0,9782281.615731739,0.008396470588235404
Miracle in cell NO.7,2019,,,,,
Babam ve Oglum,2005,,,,,
Inglourious Basterds,2009,120540719.0,176250705.4838606,70000000.0,102351715.55489263,0.7220102714285717
Eternal Sunshine of the Spotless Mind,2004,34400301.0,57125442.14075702,20000000.0,33212175.75436739,0.7200150500000001
Amélie,2001,33225499.0,58850782.35918126,10000000.0,17712535.290796164,2.3225498999999994
Snatch,2000,30328156.0,55247438.60327527,10000000.0,18216550.522648085,2.0328156000000006
Requiem for a Dream,2000,3635482.0,6622594.152717771,4500000.0,8197447.735191639,-0.1921151111111111
American Beauty,1999,130096601.0,244957218.91409966,15000000.0,28243307.322929174,7.673106733333333
Good Will Hunting,1997,138433435.0,270561032.97018695,10000000.0,19544485.98130841,12.843343500000001
Bacheha-Ye aseman,1997,933933.0,1825324.0425981309,,,
Toy Story,1995,191796233.0,394779321.0862008,30000000.0,61749803.1496063,5.3932077666666665
Braveheart,1995,75600000.0,155609503.93700787,72000000.0,148199527.55905512,0.04999999999999999
Reservoir Dogs,1992,2832029.0,6331976.799579472,1200000.0,2683013.5424091234,1.3600241666666666
Full Metal Jacket,1987,46357676.0,128009621.71447185,,,
Idi i smotri,1985,,,,,
Aliens,1986,85160248.0,243739352.50795624,18500000.0,52949329.37956205,3.6032566486486486
Amadeus,1984,51973029.0,156914027.85352263,18000000.0,54344581.32820019,1.8873905000000002
Scarface,1983,45598982.0,143613444.4236747,25000000.0,78737198.79518072,0.8239592800000001
Star Wars: Episode VI - Return of the Jedi,1983,309125409.0,973586751.242982,,,
Das Boot,1981,11487676.0,39643097.87419142,14000000.0,48312937.29372937,-0.1794517142857143
Taxi Driver,1976,28262574.0,155811222.76776803,1300000.0,7166884.007029878,20.740441538461535
The Sting,1973,159600000.0,1127584783.783784,5500000.0,38857871.62162162,28.01818181818182
A Clockwork Orange,1971,6207725.0,48081359.198148146,,,
2001: A Space Odyssey,1968,56954992.0,513395243.8358621,10500000.0,94647543.10344829,4.424284952380952
Per qualche dollaro in più,1965,15000000.0,149375714.2857143,,,
Lawrence of Arabia,1962,44824144.0,465590758.5170861,15000000.0,155805794.70198676,1.9882762666666667
The Apartment,1960,18600000.0,197115385.1351351,3000000.0,31792804.05405405,5.2
North by Northwest,1959,13275000.0,143100394.32989693,,,
Vertigo,1958,3200000.0,34733730.103806235,,,
Singin' in the Rain,1952,8819028.0,104393663.1808302,2540800.0,30076264.57358491,2.470965050377833
Ikiru,1952,55240.0,653893.5984905661,,,
Ladri di biciclette,1948,332930.0,4333463.849377593,,,
Double Indemnity,1944,5720000.0,101948925.0,,,
Citizen Kane,1941,1585634.0,33836458.76367347,,,
M - Eine Stadt sucht einen Mörder,1931,28877.0,595947.1876973686,,,
Metropolis,1927,1236166.0,22285728.527241383,92620000.0,1669762941.3793106,-0.9866533578060893
The Kid,1921,5450000.0,95508662.01117319,65000000.0,1139094134.0782125,-0.9161538461538461
Chhichhore,2019,898575.0,1102544.0069116042,,,
Uri: The Surgical Strike,2018,4186168.0,5229463.351288496,,,
K.G.F: Chapter 1,2018,,,,,
Green Book,2018,85080171.0,106284228.47956848,,,
"Three Billboards Outside Ebbing, Missouri",2017,54513740.0,69763220.40984008,,,
Talvar,2015,342370.0,453122.3622356202,,,
Baahubali 2: The Conclusion,2017,20186659.0,25833603.439339917,,,
Klaus,2019,,,,,
Drishyam,2015,739478.0,978689.7747503343,,,
Queen,2013,1429534.0,1924943.6201788313,,,
Mandariinid,2013,144501.0,194578.28779130912,,,
Bhaag Milkha Bhaag,2013,1626289.0,2189884.7002708656,,,
Gangs of Wasseypur,2012,,,,,
Udaan,2010,7461.0,10733.176931613898,,,
Paan Singh Tomar,2012,39567.0,54059.48179394933,,,
El secreto de sus ojos,2009,6391436.0,9345349.135132868,,,
Warrior,2011,13657115.0,19045549.00321865,25000000.0,34863785.292901635,-0.45371540000000005
Shutter Island,2010,128012934.0,184155672.18295303,80000000.0,115085666.06743222,0.6001616750000002
Up,2009,293004164.0,428421126.4303873,175000000.0,255879288.8872316,0.6743095085714286
The Wolf of Wall Street,2013,116900694.0,157413006.69293475,100000000.0,134655322.65611252,0.16900693999999986
Chak De! India,2007,1113541.0,1685024.4223299567,,,
There Will Be Blood,2007,40222514.0,60865220.42520984,25000000.0,37830318.379160635,0.6089005600000001
Pan's Labyrinth,2006,37634615.0,58559348.93221727,19000000.0,29563943.452380955,0.9807692105263158
Toy Story 3,2010,415004880.0,597013912.9504348,200000000.0,287714165.1685806,1.0750243999999998
V for Vendetta,2005,70511035.0,113254152.88333333,54000000.0,86734285.71428572,0.30575990740740727
Rang De Basanti,2006,2197331.0,3419040.496324405,2200000.0,3423193.452380953,-0.0012131818181818758
Black,2005,733094.0,1177488.600952381,,,
Batman Begins,2005,206852432.0,332244406.2552381,150000000.0,240928571.42857143,0.3790162133333334
"Swades: We, the People",2004,1223240.0,2031323.0934886183,,,
Der Untergang,2004,5509040.0,9148360.235892007,,,
Hauru no ugoku shiro,2004,4711096.0,7823287.41738486,,,
A Beautiful Mind,2001,170742341.0,302427974.05956525,60000000.0,106275211.74477698,1.8457056833333332
Hera Pheri,2000,,,,,
"Lock, Stock and Two Smoking Barrels",1998,3897569.0,7500763.938901841,1350000.0,2598037.73006135,1.887088148148148
L.A. Confidential,1997,64616940.0,126290487.79850468,35000000.0,68405700.93457945,0.8461982857142856
Eskiya,1996,,,,,
Heat,1995,67436818.0,138807007.88452756,,,
Casino,1995,42438300.0,87351889.03346457,52000000.0,107032992.12598425,-0.18387884615384617
Andaz Apna Apna,1994,,,,,
Unforgiven,1992,101157447.0,226172333.5137776,14000000.0,31301824.66143977,6.225531928571429
Indiana Jones and the Last Crusade,1989,197171806.0,498795376.22850007,48000000.0,121428000.00000001,3.1077459583333336
Dom za vesanje,1988,280015.0,742498.9461961117,,,
Tonari no Totoro,1988,1105564.0,2931557.6128148776,,,
Die Hard,1988,83008852.0,220109583.8971091,28000000.0,74245917.15976332,1.9646018571428572
Ran,1985,4135750.0,12057056.52184015,,,
Raging Bull,1980,23383987.0,89020624.97625,18000000.0,68524296.11650485,0.2991103888888889
Stalker,1979,234723.0,1014187.6466528926,,,
Höstsonaten,1978,,,,,
The Message,1976,,,,,
Sholay,1975,,,,,
Monty Python and the Holy Grail,1975,1229197.0,7167018.173475837,400000.0,2332260.2230483275,2.0729925
The Great Escape,1963,12100000.0,124040421.56862746,4000000.0,41005098.03921569,2.025
To Kill a Mockingbird,1962,,,2000000.0,20774105.960264903,
Yôjinbô,1961,,,,,
Judgment at Nuremberg,1961,,,3000000.0,31473812.709030103,
Some Like It Hot,1959,25000000.0,269492268.0412371,2883848.0,31086989.528247427,7.668972844615943
Smultronstället,1957,,,,,
Det sjunde inseglet,1957,,,,,
Du rififi chez les hommes,1955,57226.0,669819.6535074627,,,
Dial M for Murder,1954,12562.0,146489.26460966544,,,
Tôkyô monogatari,1953,,,,,
Rashômon,1950,96568.0,1256942.7117012448,,,
All About Eve,1950,10177.0,132465.2677593361,,,
The Treasure of the Sierra Madre,1948,5014000.0,65262931.369294606,,,
To Be or Not to Be,1942,,,,,
The Gold Rush,1925,5450000.0,97691717.14285715,,,
Sherlock Jr.,1924,977375.0,17929344.23245614,,,
Portrait de la jeune fille en feu,2019,3759854.0,4613309.4005092755,,,
Pink,2016,1241223.0,1622277.6904298626,,,
Koe no katachi,2016,,,,,
Contratiempo,2016,,,,,
Ah-ga-ssi,2016,2006788.0,2622870.670155454,,,
Mommy,2014,3492754.0,4628102.652346918,,,
Haider,2014,901610.0,1194685.8073550286,,,
Logan,2017,226277068.0,289575012.98895234,,,
Room,2015,14677674.0,19425715.78994756,6000000.0,7940924.068737686,1.446279
Relatos salvajes,2014,3107072.0,4117051.5198702356,,,
Soul,2020,,,,,
Kis Uykusu,2014,165520.0,219323.648621249,,,
PK,2014,10616104.0,14066956.642234389,,,
OMG: Oh My God!,2012,923221.0,1261375.6120325446,,,
The Grand Budapest Hotel,2014,59100318.0,78311366.47194344,30000000.0,39751748.78345499,0.9700106
Gone Girl,2014,167767189.0,222301305.0411471,61000000.0,80828555.85969181,1.750281786885246
Ôkami kodomo no Ame to Yuki,2012,,,,,
Hacksaw Ridge,2016,67209615.0,87842925.08024766,,,
Inside Out,2015,356461711.0,471772563.41055286,175000000.0,231610285.3381825,1.0369240628571428
Barfi!,2012,2804874.0,3832234.815308763,,,
12 Years a Slave,2013,56671993.0,76311855.02979949,20000000.0,26931064.5312225,1.83359965
Rush,2013,26947624.0,36286410.04535601,38000000.0,51169022.60932276,-0.290852
Ford v Ferrari,2019,117624028.0,144323698.23353946,,,
Spotlight,2015,45055776.0,59630749.345675625,20000000.0,26469746.895792287,1.2527887999999998
Song of the Sea,2014,857524.0,1136269.2874594487,,,
Kahaani,2012,1035953.0,1415398.7500413775,,,
Zindagi Na Milegi Dobara,2011,3108485.0,4334942.145048213,,,
Prisoners,2013,61002302.0,82142846.58575617,46000000.0,61941448.42181175,0.32613699999999995
Mad Max: Fury Road,2015,154058340.0,203894263.34929562,150000000.0,198523101.71844214,0.027055599999999954
A Wednesday,2008,,,,,
Gran Torino,2008,148095302.0,215769716.11671925,33000000.0,48079854.90216114,3.4877364242424242
Harry Potter and the Deathly Hallows: Part 2,2011,381011219.0,531339733.3361089,,,
Okuribito,2008,1498210.0,2182839.9822111167,,,
Hachi: A Dog's Tale,2009,,,16000000.0,23394677.841118317,
Mary and Max,2009,,,,,
How to Train Your Dragon,2010,217581231.0,313006011.16758543,165000000.0,237364186.26407897,0.3186741272727273
Into the Wild,2007,18354356.0,27774045.244978294,15000000.0,22698191.027496383,0.22362373333333338
No Country for Old Men,2007,74283625.0,112406927.36432706,25000000.0,37830318.379160635,1.9713450000000001
Lage Raho Munna Bhai,2006,2217561.0,3450518.316116072,,,
Million Dollar Baby,2004,100492203.0,166878235.3989783,30000000.0,49818263.63155109,2.3497401
Hotel Rwanda,2004,23530892.0,39075606.03805188,17500000.0,29060653.785071466,0.34462240000000005
Taegukgi hwinalrimyeo,2004,1111061.0,1845037.6602911593,,,
Before Sunset,2004,5820649.0,9665820.87962414,2700000.0,4483643.726839597,1.155795925925926
Munna Bhai M.B.B.S.,2003,,,,,
Salinui chueok,2003,14131.0,24090.974233695655,,,
Dil Chahta Hai,2001,300000.0,531376.0587238849,,,
Kill Bill: Vol. 1,2003,70099045.0,119507061.55980979,30000000.0,51144945.652173914,1.3366348333333333
Finding Nemo,2003,380843261.0,649273596.1947229,94000000.0,160254163.04347828,3.0515240531914896
Catch Me If You Can,2002,164615351.0,287037380.9885436,52000000.0,90671639.79988883,2.1656798269230766
Amores perros,2000,5383834.0,9807488.406655053,2000000.0,3643310.104529617,1.691917
"Monsters, Inc.",2001,289916256.0,513515191.57754946,115000000.0,203694155.84415588,1.52101092173913
"Shin seiki Evangelion Gekijô-ban: Air/Magokoro wo, kimi ni",1997,,,,,
Lagaan: Once Upon a Time in India,2001,70147.0,124248.12130434785,,,
The Sixth Sense,1999,293506292.0,552639227.0779593,40000000.0,75315486.1944778,6.337657300000001
La leggenda del pianista sull'oceano,1998,259127.0,498682.7576871166,,,
The Truman Show,1998,125618201.0,241748759.83735585,60000000.0,115468343.55828221,1.0936366833333335
"Crna macka, beli macor",1998,348660.0,670986.5444171779,,,
The Big Lebowski,1998,17498804.0,33675965.20218405,15000000.0,28867085.889570553,0.16658693333333338
Fa yeung nin wah,2000,2734044.0,4980485.065714286,,,
Trainspotting,1996,16501785.0,32991895.69703633,4000000.0,7997170.17208413,3.12544625
Fargo,1996,24611975.0,49206538.08652008,,,
Underground,1995,171082.0,352142.6607480315,,,
La haine,1995,309811.0,637692.275452756,,,
Dilwale Dulhania Le Jayenge,1995,,,,,
Before Sunrise,1995,5535405.0,11393672.303444883,2500000.0,5145816.9291338585,1.214162
Trois couleurs: Rouge,1994,4043686.0,8559108.081336034,,,
Chung Hing sam lam,1994,600200.0,1270419.2834008099,,,
Jurassic Park,1993,402453882.0,873670282.2885675,63000000.0,136764062.28373703,5.388156857142857
In the Name of the Father,1993,25010410.0,54294051.92034602,,,
Ba wang bie ji,1993,5216888.0,11325123.735861592,,,
Dà hóng denglong gaogao guà,1991,2603061.0,5995239.368788547,,,
Dead Poets Society,1989,95860116.0,242502128.45100003,16400000.0,41487900.00000001,4.845129024390244
Stand by Me,1986,52287414.0,149653162.50224453,8000000.0,22897007.299270075,5.53592675
Platoon,1986,138530565.0,396491919.747126,6000000.0,17172755.474452555,22.088427500000005
"Paris, Texas",1984,2181987.0,6587731.66547642,,,
Kaze no tani no Naushika,1984,495770.0,1496800.7269489893,,,
The Thing,1982,13782838.0,44803364.449554406,15000000.0,48759948.1865285,-0.08114413333333327
Pink Floyd: The Wall,1982,22244207.0,72308425.38469431,,,
Fitzcarraldo,1982,,,,,
Fanny och Alexander,1982,4971340.0,16160152.054507773,,,
Blade Runner,1982,32868943.0,106845863.84173058,28000000.0,91018569.94818653,0.17389082142857148
The Elephant Man,1980,,,5000000.0,19034526.699029125,
Life of Brian,1979,20045115.0,86610634.70020662,,,
The Deer Hunter,1978,48979328.0,235648411.364908,15000000.0,72167714.7239264,2.265288533333333
Rocky,1976,117235247.0,646316474.4496135,1000000.0,5512987.697715291,116.235247
Network,1976,,,3800000.0,20949353.251318105,
Barry Lyndon,1975,,,11000000.0,64137156.133829,
Zerkalo,1975,177345.0,1034036.723141264,,,
Chinatown,1974,29000000.0,184522941.1764706,,,
Paper Moon,1973,30933743.0,218548984.41277027,,,
Viskningar och rop,1972,1742348.0,13075488.080669858,,,
Solaris,1972,,,,,
Le samouraï,1967,39481.0,370801.0601497006,,,
Cool Hand Luke,1967,16217773.0,152315478.8801497,,,
Persona,1966,,,,,
Andrei Rublev,1966,102021.0,987742.761388889,,,
La battaglia di Algeri,1966,55908.0,541287.7966666667,,,
El ángel exterminador,1962,,,,,
What Ever Happened to Baby Jane?,1962,4050000.0,42067564.569536425,,,
Sanjuro,1962,,,,,
The Man Who Shot Liberty Valance,1962,,,3200000.0,33238569.536423843,
Ivanovo detstvo,1962,,,,,
Jungfrukällan,1960,1526000.0,16171939.66216216,,,
Inherit the Wind,1960,,,,,
Les quatre cents coups,1959,,,,,
Ben-Hur,1959,74700000.0,805242896.9072165,100000000.0,1077969072.1649485,-0.25299999999999995
Kakushi-toride no san-akunin,1958,,,,,
Le notti di Cabiria,1957,752045.0,8395311.17455516,,,
Kumonosu-jô,1957,,,,,
The Bridge on the River Kwai,1957,44908000.0,501321907.90035594,3000000.0,33489928.82562278,13.969333333333333
On the Waterfront,1954,9600000.0,111948490.7063197,910000.0,10611784.01486989,9.54945054945055
Le salaire de la peur,1953,,,,,
Ace in the Hole,1951,3969893.0,47896606.356807694,,,
White Heat,1949,,,,,
The Third Man,1949,449191.0,5920431.747857143,,,
The Red Shoes,1948,10900000.0,141875937.7593361,,,
The Shop Around the Corner,1940,203300.0,4555212.407142857,,,
Rebecca,1940,4360000.0,97691717.14285715,1288000.0,28859388.0,2.3850931677018634
Mr. Smith Goes to Washington,1939,9600000.0,216648517.98561153,1500000.0,33851330.9352518,5.3999999999999995
Gone with the Wind,1939,198676459.0,4483641708.435324,4000000.0,90270215.82733813,48.66911475
La Grande Illusion,1937,172885.0,3766119.6364583336,,,
It Happened One Night,1934,4360000.0,102065973.13432837,325000.0,7608128.731343284,12.415384615384616
La passion de Jeanne d'Arc,1928,21877.0,401320.13175438595,,,
The Circus,1928,,,,,
Sunrise: A Song of Two Humans,1927,539540.0,9726882.934482759,,,
The General,1926,1033895.0,18323247.94661017,,,
Das Cabinet des Dr. Caligari,1920,,,,,
Badhaai ho,2018,,,,,
Togo,2019,,,,,
Airlift,2016,,,4500000.0,5881497.206331482,
Bajrangi Bhaijaan,2015,8178001.0,10823480.82917681,,,
Baby,2015,,,,,
La La Land,2016,151101803.0,197489962.71469998,,,
Lion,2016,51739495.0,67623487.84433371,,,
The Martian,2015,228433663.0,302329062.10443556,108000000.0,142936633.23727834,1.1151265092592593
Zootopia,2016,341268248.0,446037388.27147543,,,
Bãhubali: The Beginning,2015,6738000.0,8917657.72919242,,,
Kaguyahime no monogatari,2013,1506975.0,2029222.0485969514,,,
Wonder,2017,132422809.0,169466296.2320537,,,
Gully Boy,2019,5566534.0,6830090.644598035,,,
Special Chabbis,2013,1079369.0,1453427.809600055,,,
Short Term 12,2013,1010414.0,1360576.2318625327,,,
Serbuan maut 2: Berandal,2014,2625803.0,3479342.0403614156,,,
The Imitation Game,2014,91125683.0,120746841.9445585,14000000.0,18550816.098945662,5.508977357142857
Guardians of the Galaxy,2014,333176600.0,441478416.7908557,170000000.0,225259909.7729116,0.9598623529411767
Blade Runner 2049,2017,92054159.0,117805063.16314867,,,
Her,2013,25568251.0,34429010.88157471,23000000.0,30970724.210905876,0.11166308695652176
Bohemian Rhapsody,2018,216428042.0,270367198.3136193,,,
The Revenant,2015,183637894.0,243042428.73281664,135000000.0,178670791.54659793,0.3602806962962963
The Perks of Being a Wallflower,2012,17738570.0,24235800.0850632,13000000.0,17761600.912915844,0.36450538461538456
Tropa de Elite 2: O Inimigo Agora é Outro,2010,100119.0,144028.2725125656,,,
The King's Speech,2010,138797449.0,199669960.83281818,15000000.0,21578562.387643542,8.253163266666666
The Help,2011,169708112.0,236666687.16926813,25000000.0,34863785.292901635,5.78832448
Deadpool,2016,363070709.0,474533191.26317567,58000000.0,75805963.99271688,5.259839810344828
Darbareye Elly,2009,106662.0,155957.6954930851,,,
Dev.D,2009,10950.0,16010.732647515348,,,
Yip Man,2008,,,,,
My Name Is Khan,2010,4018695.0,5781177.3849607445,12000000.0,17262849.910114836,-0.66510875
Nefes: Vatan Sagolsun,2009,,,,,
Slumdog Millionaire,2008,141319928.0,205898231.30375332,15000000.0,21854479.500982337,8.421328533333332
Black Swan,2010,106954678.0,153861879.45822176,13000000.0,18701420.735957738,7.227282923076923
Tropa de Elite,2007,8060.0,12196.49464544139,,,
The Avengers,2012,623279547.0,851572505.4613057,220000000.0,300580938.5262681,1.8330888500000002
Persepolis,2007,4445756.0,6727374.596642547,7300000.0,11046452.966714906,-0.39099232876712325
Dallas Buyers Club,2013,27298285.0,36758593.74633516,5000000.0,6732766.132805625,4.459657000000001
The Pursuit of Happyness,2006,163566459.0,254508923.3990625,55000000.0,85579836.30952382,1.973935618181818
Blood Diamond,2006,57366262.0,89261732.93907739,100000000.0,155599702.3809524,-0.42633737999999993
The Bourne Ultimatum,2007,227471070.0,344212120.00593346,70000000.0,105924891.46164979,2.2495867142857144
Bin-jip,2004,238507.0,396066.82013234514,,,
Sin City,2005,74103820.0,119024849.93333334,40000000.0,64247619.047619045,0.8525955000000002
Le scaphandre et le papillon,2007,5990075.0,9064257.774602026,,,
G.O.R.A.,2004,,,,,
Ratatouille,2007,206445654.0,312396192.7525615,150000000.0,226981910.27496383,0.37630436
Casino Royale,2006,167445960.0,260545415.4089286,150000000.0,233399553.5714286,0.11630640000000002
Kill Bill: Vol. 2,2004,66208183.0,109945890.50866596,30000000.0,49818263.63155109,1.2069394333333334
Vozvrashchenie,2003,502028.0,855873.1591956522,,,
Bom Yeoareum Gaeul Gyeoul Geurigo Bom,2003,2380788.0,4058842.428978261,,,
Mar adentro,2014,2086345.0,2764528.7438539136,,,
Cinderella Man,2005,61649911.0,99021499.90619047,88000000.0,141344761.9047619,-0.29943282954545464
Kal Ho Naa Ho,2003,1787378.0,3047178.355663044,,,
Mou gaan dou,2002,169659.0,295831.9180155642,,,
Pirates of the Caribbean: The Curse of the Black Pearl,2003,305413918.0,520679274.58425003,140000000.0,238676413.04347828,1.1815279857142855
Big Fish,2003,66257002.0,112957025.54553261,70000000.0,119338206.52173914,-0.05347140000000003
The Incredibles,2004,261441092.0,434151374.8458867,92000000.0,152776008.47009,1.8417509999999997
Yeopgijeogin geunyeo,2001,,,,,
Dogville,2003,1530386.0,2609050.293228261,,,
Vizontele,2001,,,,,
Donnie Darko,2001,1480006.0,2621465.8505590064,6000000.0,10627521.174477698,-0.7533323333333334
Magnolia,1999,22455976.0,42282068.76028812,37000000.0,69666824.72989197,-0.39308172972972977
Dancer in the Dark,2000,4184036.0,7621870.31825784,12800000.0,23317184.66898955,-0.6731221875
The Straight Story,1999,6203044.0,11679631.868643459,10000000.0,18828871.54861945,-0.37969559999999997
Pâfekuto burû,1997,776665.0,1517951.8204672898,,,
Festen,1998,1647780.0,3171107.1191411046,,,
Central do Brasil,1998,5595428.0,10768246.710993866,,,
The Iron Giant,1999,23159305.0,43606357.90003002,70000000.0,131802100.84033616,-0.6691527857142857
Knockin' on Heaven's Door,1997,3296.0,6441.862579439253,,,
Sling Blade,1996,24475416.0,48933516.696137674,1000000.0,1999292.5430210326,23.475416000000003
Secrets & Lies,1996,13417292.0,26825091.843135756,,,
Twelve Monkeys,1995,57141459.0,117615794.83104332,,,
Kôkaku Kidôtai,1995,515905.0,1061901.0731299212,,,
The Nightmare Before Christmas,1993,75082668.0,162993820.36160555,,,
Groundhog Day,1993,70906973.0,153928978.9162422,14600000.0,31694528.719723187,3.856641986301369
Bound by Honor,1993,4496583.0,9761443.769460209,35000000.0,75980034.60207613,-0.8715262
Scent of a Woman,1992,63895607.0,142860649.06787598,,,
Aladdin,1992,217350219.0,485961317.5188239,28000000.0,62603649.32287954,6.762507821428572
JFK,1991,70405498.0,162154407.21088108,40000000.0,92125991.18942732,0.7601374500000002
Beauty and the Beast,1991,218967620.0,504315225.7722467,,,
Dances with Wolves,1990,184208848.0,442113919.81845456,22000000.0,52801514.91966336,7.373129454545454
Do the Right Thing,1989,27545445.0,69683089.48875001,6500000.0,16443375.000000002,3.2377607692307695
Rain Man,1988,178800000.0,474113213.8630601,25000000.0,66290997.464074396,6.152000000000001
Akira,1988,553171.0,1466810.29432798,8000000.0,21213119.188503806,-0.9308536250000001
The Princess Bride,1987,30857814.0,85209126.90005283,16000000.0,44181549.29577465,0.9286133750000001
Der Himmel über Berlin,1987,3333969.0,9206244.732755283,,,
Au revoir les enfants,1987,4542825.0,12544315.417473592,,,
Tenkû no shiro Rapyuta,1986,,,,,
The Terminator,1984,38400000.0,115935106.83349374,6400000.0,19322517.805582292,5.0
Gandhi,1982,52767889.0,171530635.5701658,22000000.0,71514590.67357513,1.398540409090909
Kagemusha,1980,,,,,
Being There,1979,30177511.0,130390540.60714877,,,
Annie Hall,1977,39200000.0,202914336.6336634,4000000.0,20705544.554455448,8.799999999999999
Jaws,1975,260000000.0,1515969144.9814126,7000000.0,40814553.90334573,36.14285714285714
Dog Day Afternoon,1975,50000000.0,291532527.88104093,,,
Young Frankenstein,1974,86300000.0,549114821.5010142,2800000.0,17816008.113590267,29.82142857142857
Papillon,1973,53267000.0,376334954.12162167,,,
The Exorcist,1973,232906145.0,1645497651.3266892,8000000.0,56520540.540540546,28.113268125
Sleuth,1972,4081254.0,30627858.516889956,,,
The Last Picture Show,1971,29133000.0,225646954.0,,,
Fiddler on the Roof,1971,80500000.0,623505296.2962964,9000000.0,69708666.66666667,7.9444444444444455
Il conformista,1970,541940.0,4381459.192268041,,,
Butch Cassidy and the Sundance Kid,1969,102308889.0,874473380.9678746,6000000.0,51284305.177111715,16.0514815
Rosemary's Baby,1968,,,3200000.0,28844965.51724138,
Planet of the Apes,1968,33395426.0,301028097.31362075,100000000.0,901405172.4137932,-0.66604574
The Graduate,1967,104945305.0,985634364.6750001,,,
Who's Afraid of Virginia Woolf?,1966,,,,,
The Sound of Music,1965,163214286.0,1625350036.8588572,8200000.0,81658723.8095238,18.904181219512196
Doctor Zhivago,1965,111722000.0,1112570236.7619047,11000000.0,109542190.47619048,9.156545454545455
Per un pugno di dollari,1964,14500000.0,146725500.00000003,,,
8½,1963,50690.0,519637.1049019608,,,
Vivre sa vie: Film en douze tableaux,1962,,,,,
The Hustler,1961,8284000.0,86909688.16053513,2000000.0,20982541.80602007,3.142
La dolce vita,1960,19516000.0,206822787.97297296,,,
Rio Bravo,1959,12535000.0,135123423.1958763,,,
Anatomy of a Murder,1959,11900000.0,128278319.58762887,,,
Touch of Evil,1958,2237659.0,24288201.178235296,,,
Cat on a Hot Tin Roof,1958,17570324.0,190713403.6413841,3000000.0,32562871.972318344,4.856774666666666
Sweet Smell of Success,1957,,,,,
The Killing,1956,,,,,
The Night of the Hunter,1955,654000.0,7654947.985074627,,,
La Strada,1954,,,,,
Les diaboliques,1955,,,,,
Stalag 17,1953,,,,,
Roman Holiday,1953,,,,,
A Streetcar Named Desire,1951,8000000.0,96519692.3076923,1800000.0,21716930.769230768,3.4444444444444446
In a Lonely Place,1950,,,,,
Kind Hearts and Coronets,1949,,,,,
Rope,1948,,,,,
Out of the Past,1947,,,,,
Brief Encounter,1945,,,,,
Laura,1944,4360000.0,77709320.45454545,,,
The Best Years of Our Lives,1946,23650000.0,380448453.84615386,2100000.0,33781892.30769231,10.261904761904761
Arsenic and Old Lace,1942,,,,,
The Maltese Falcon,1941,2108060.0,44984709.75102041,,,
The Grapes of Wrath,1940,55000.0,1232349.642857143,,,
The Wizard of Oz,1939,2076020.0,46850693.36546763,2777000.0,62670097.3381295,-0.25242347857400066
La règle du jeu,1939,,,,,
The Thin Man,1934,,,,,
All Quiet on the Western Front,1930,3270000.0,61422935.92814372,,,
Bronenosets Potemkin,1925,50970.0,913641.6188571429,,,
Knives Out,2019,165359751.0,202895030.9650782,,,
Dil Bechara,2020,,,,,
Manbiki kazoku,2018,3313513.0,4139321.4026570353,,,
Marriage Story,2019,2000000.0,2453983.2666424154,,,
Call Me by Your Name,2017,18095701.0,23157728.259583063,,,
"I, Daniel Blake",2016,258168.0,337425.4157253747,,,
Isle of Dogs,2018,32015231.0,39994208.83192822,,,
Hunt for the Wilderpeople,2016,5202582.0,6799771.444157879,,,
Captain Fantastic,2016,5875006.0,7678629.194706821,,,
Sing Street,2016,3237118.0,4230911.216347856,,,
Thor: Ragnarok,2017,315058289.0,403191578.076538,,,
Nightcrawler,2014,32381218.0,42907001.441276364,8500000.0,11262995.488645582,2.809555058823529
Jojo Rabbit,2019,349555.0,428901.0603855947,,,
Arrival,2016,100546139.0,131413741.25242597,,,
Star Wars: Episode VII - The Force Awakens,2015,936662225.0,1239660601.1299822,,,
Before Midnight,2013,8114627.0,10926777.169190023,3000000.0,4039659.679683375,1.704875666666667
X-Men: Days of Future Past,2014,233921534.0,309959668.48694754,250000000.0,331264573.1954583,-0.06431386400000003
Bir Zamanlar Anadolu'da,2011,138730.0,193466.11734736976,,,
The Artist,2011,44671682.0,62296957.196831144,15000000.0,20918271.17574098,1.9781121333333334
Edge of Tomorrow,2014,100206256.0,132779130.50141932,178000000.0,235860376.11516628,-0.4370435056179775
Amour,2012,6739492.0,9208012.866137618,8900000.0,12159865.240380848,-0.24275370786516853
The Irishman,2019,7000000.0,8588941.433248453,,,
Un prophète,2009,2084637.0,3048088.1894172104,,,
Moon,2009,5009677.0,7324986.2189412555,5000000.0,7310836.825349473,0.0019354000000000968
Låt den rätte komma in,2008,2122065.0,3091775.0694834725,,,
District 9,2009,115646235.0,169094150.71020383,30000000.0,43865020.95209684,2.8548744999999998
The Wrestler,2008,26236603.0,38225820.16259412,6000000.0,8741791.800392935,3.372767166666667
Jab We Met,2007,410800.0,621627.7916063676,,,
Boyhood,2014,25379975.0,33629946.34434561,4000000.0,5300233.171127332,5.34499375
"4 luni, 3 saptamâni si 2 zile",2007,1185783.0,1794341.9367438497,,,
Star Trek,2009,257730019.0,376844422.78064394,150000000.0,219325104.76048422,0.7182001266666668
In Bruges,2008,7757130.0,11301869.238097008,15000000.0,21854479.500982337,-0.48285799999999995
The Man from Earth,2007,,,,,
Letters from Iwo Jima,2006,13756082.0,21404422.651279766,19000000.0,29563943.452380955,-0.2759956842105262
The Fall,2006,2280348.0,3548214.7012500004,,,
Life of Pi,2012,124987023.0,170766893.9861103,120000000.0,163953239.19614628,0.04155852499999997
Fantastic Mr. Fox,2009,21002919.0,30709782.73300643,40000000.0,58486694.60279579,-0.47492702499999995
C.R.A.Z.Y.,2005,,,,,
Les choristes,2004,3635164.0,6036585.283197459,,,
Iron Man,2008,318412101.0,463915382.27794784,140000000.0,203975142.00916848,1.27437215
Shaun of the Dead,2004,13542874.0,22489415.575362626,4000000.0,6642435.150873478,2.3857185000000003
Gegen die Wand,2004,,,,,
Mystic River,2003,90135191.0,153665314.83477718,25000000.0,42620788.043478265,2.6054076399999997
Harry Potter and the Prisoner of Azkaban,2004,249358727.0,414087293.35046583,130000000.0,215879142.40338802,0.9181440538461538
Ying xiong,2002,53710019.0,93653374.9310228,,,
Hable con ella,2002,9284265.0,16188837.151667593,,,
No Man's Land,2001,1059830.0,1877227.6277244498,,,
Cowboy Bebop: Tengoku no tobira,2001,1000045.0,1771333.2354884248,,,
The Bourne Identity,2002,121661683.0,212139698.04662034,60000000.0,104621122.84602557,1.0276947166666666
Nueve reinas,2000,1221261.0,2224716.2707839725,,,
Children of Men,2006,35552383.0,55319402.13733631,76000000.0,118255773.80952382,-0.5322054868421052
Almost Famous,2000,32534850.0,59267273.87717771,60000000.0,109299303.13588852,-0.4577525
Mulholland Dr.,2001,7220243.0,12788880.894562395,,,
Toy Story 2,1999,245852179.0,462911909.83391964,90000000.0,169459843.93757504,1.731690877777778
Boogie Nights,1997,26400640.0,51598693.837757014,15000000.0,29316728.97196262,0.7600426666666666
Mimi wo sumaseba,1995,,,,,
Once Were Warriors,1994,2201126.0,4659035.180931175,,,
True Romance,1993,12281500.0,26661394.141868513,12500000.0,27135726.643598616,-0.01747999999999997
Trois couleurs: Bleu,1993,1324974.0,2876330.5819100346,,,
Jûbê ninpûchô,1993,,,,,
Carlito's Way,1993,36948322.0,80209565.25853288,,,
Edward Scissorhands,1990,56362352.0,135273525.91069627,20000000.0,48001377.19969396,1.8181176
My Left Foot: The Story of Christy Brown,1989,14743391.0,37297093.38225,,,
Crimes and Misdemeanors,1989,18254702.0,46179832.384500004,,,
The Untouchables,1987,76270454.0,210609176.45075706,25000000.0,69033670.77464789,2.05081816
Hannah and Her Sisters,1986,40084041.0,114725572.42015512,,,
Brazil,1985,9929135.0,28946658.26222119,15000000.0,43729879.18215614,-0.3380576666666667
This Is Spinal Tap,1984,188751.0,569866.3372377286,,,
A Christmas Story,1983,20605209.0,64895857.48996989,,,
The Blues Brothers,1980,57229890.0,217868773.8375,27000000.0,102786444.17475729,1.1196255555555554
Manhattan,1979,45700000.0,197459880.16528925,,,
All That Jazz,1979,37823676.0,163427976.59454545,,,
Dawn of the Dead,1978,5100000.0,24537023.006134972,28000000.0,134713067.4846626,-0.8178571428571428
All the President's Men,1976,70600000.0,389216931.4586995,,,
La montaña sagrada,1973,61001.0,430976.1866891892,,,
Amarcord,1973,,,,,
Le charme discret de la bourgeoisie,1972,198809.0,1491966.4210765553,,,
"Aguirre, der Zorn Gottes",1972,,,,,
Harold and Maude,1971,,,,,
Patton,1970,61700000.0,498830188.1443299,12000000.0,97017216.49484536,4.141666666666667
The Wild Bunch,1969,12064472.0,103119677.3081199,6244087.0,53370610.543405995,0.9321434823057398
Night of the Living Dead,1968,89029.0,802512.0109482759,114000.0,1027601.8965517243,-0.21904385964912287
The Lion in Winter,1968,22276975.0,200805804.90732762,,,
In the Heat of the Night,1967,24379978.0,228973979.6060479,,,
Charade,1963,13474588.0,138131700.49450982,,,
The Manchurian Candidate,1962,,,80000000.0,830964238.410596,
Spartacus,1960,30000000.0,317928040.5405405,,,
L'avventura,1960,,,,,
Hiroshima mon amour,1959,88300.0,951846.6907216496,,,
The Ten Commandments,1956,93740000.0,1081073781.6176472,,,
The Searchers,1956,,,,,
East of Eden,1955,,,,,
High Noon,1952,9450000.0,111862681.13207549,730000.0,8641244.150943397,11.945205479452056
Strangers on a Train,1951,7630000.0,92055656.53846154,,,
Harvey,1950,,,,,
Miracle on 34th Street,1947,2650000.0,37276943.946188346,,,
Notorious,1946,10464000.0,168330343.3846154,,,
The Big Sleep,1946,6540000.0,105206464.61538462,,,
The Lost Weekend,1945,9460000.0,164860996.6666667,1250000.0,21783958.333333336,6.568
The Philadelphia Story,1940,,,,,
His Girl Friday,1940,296000.0,6632281.714285715,,,
The Adventures of Robin Hood,1938,3981000.0,88567085.74468087,,,
A Night at the Opera,1935,2537520.0,58101613.9620438,,,
King Kong,1933,10000000.0,241299230.76923078,207000000.0,4994894076.923077,-0.9516908212560387
Freaks,1932,,,,,
Nosferatu,1922,,,,,
The Gentlemen,2019,,,,,
Raazi,2018,,,,,
Sound of Metal,2019,,,,,
Forushande,2016,2402067.0,3139500.077760232,,,
Dunkirk,2017,188373161.0,241068001.3908657,,,
Perfetti sconosciuti,2016,,,,,
Hidden Figures,2016,169607287.0,221676618.81421375,,,
Paddington 2,2017,40442052.0,51755168.28421997,,,
Udta Punjab,2016,,,,,
Kubo and the Two Strings,2016,48023088.0,62766146.20253576,,,
M.S. Dhoni: The Untold Story,2016,1782795.0,2330111.958213719,,,
Manchester by the Sea,2016,47695120.0,62337492.23014329,,,
Under sandet,2015,435266.0,576069.0426171962,,,
Rogue One,2016,532177324.0,695555432.0842142,,,
Captain America: Civil War,2016,408084349.0,533365990.79802257,250000000.0,326749844.7961935,0.6323373959999998
The Hateful Eight,2015,54117416.0,71623715.20871499,44000000.0,58233443.170743026,0.22994127272727283
Little Women,2019,108101214.0,132639285.1298654,18000000.0,22085849.399781737,5.005623
Loving Vincent,2017,6735118.0,8619176.037459204,,,
Pride,2014,,,,,
Le passé,2013,1330596.0,1791718.3370493269,,,
La grande bellezza,2013,2852400.0,3840908.4234429533,,,
The Lunchbox,2013,4231500.0,5697939.9781934,1000000.0,1346553.2265611251,3.2314999999999996
Vicky Donor,2012,169209.0,231186.36375950594,,,
Big Hero 6,2014,222527828.0,294862343.8661294,165000000.0,218634618.30900246,0.34865350303030307
About Time,2013,15322921.0,20633128.71289122,,,
English Vinglish,2012,1670773.0,2282738.7109288573,,,
Kaze tachinu,2013,5209580.0,7014976.758028306,,,
Toy Story 4,2019,434038008.0,532561004.3594034,,,
La migliore offerta,2013,85433.0,115040.0818047966,,,
Moonrise Kingdom,2012,45512466.0,62182635.20420395,16000000.0,21860431.8928195,1.844529125
How to Train Your Dragon 2,2014,177002924.0,234539192.29283255,145000000.0,192133452.4533658,0.22070982068965517
The Big Short,2015,70259870.0,92988048.79156348,28000000.0,37057645.6541092,1.5092810714285714
Kokuhaku,2010,,,,,
Ang-ma-reul bo-at-da,2010,128392.0,184700.98547162197,,,
The Girl with the Dragon Tattoo,2011,102515793.0,142963543.85134193,90000000.0,125509627.05444588,0.13906436666666672
Captain Phillips,2013,107100855.0,144217001.8677052,55000000.0,74060427.46086188,0.9472882727272727
Ajeossi,2010,6460.0,9293.167534945153,,,
Straight Outta Compton,2015,161197785.0,213343228.4556171,28000000.0,37057645.6541092,4.7570637499999995
Madeo,2009,547292.0,800232.5015638329,,,
Chugyeokja,2008,,,,,
The Hobbit: The Desolation of Smaug,2013,258366855.0,347904722.23670036,250000000.0,336638306.64028126,0.03346742000000004
Das weiße Band - Eine deutsche Kindergeschichte,2009,2222647.0,3249881.907470506,,,
Män som hatar kvinnor,2009,10095170.0,14760828.11883265,,,
The Trial of the Chicago 7,2020,,,,,
Druk,2020,,,,,
The Fighter,2010,93617009.0,134674697.95007247,25000000.0,35964270.646072574,2.74468036
Taken,2008,145000989.0,211261409.4481777,25000000.0,36424132.50163723,4.80003956
The Boy in the Striped Pyjamas,2008,9030581.0,13157243.156430705,12500000.0,18212066.250818614,-0.27755352
Once,2007,9439923.0,14284611.702590449,160000.0,242114.0376266281,57.99951875
The Hobbit: An Unexpected Journey,2012,303003568.0,413986803.8465814,250000000.0,341569248.32530475,0.21201427199999984
Auf der anderen Seite,2007,741283.0,1121718.8759623733,,,
Atonement,2007,50927067.0,77063486.34907381,30000000.0,45396382.054992765,0.6975689
Drive,2011,35061555.0,48895141.02221047,15000000.0,20918271.17574098,1.3374370000000002
American Gangster,2007,130164645.0,196966798.48241678,100000000.0,151321273.51664254,0.30164645
Avatar,2009,760507625.0,1111989430.1618137,237000000.0,346533665.5215651,2.2088929324894515
Mr. Nobody,2009,3600.0,5263.802514251621,,,
Apocalypto,2006,50866635.0,79148332.67120537,40000000.0,62239880.95238096,0.271665875
Little Miss Sunshine,2006,59891098.0,93190370.24068454,8000000.0,12447976.190476192,6.48638725
Hot Fuzz,2007,23637265.0,35768210.42250362,12000000.0,18158552.821997106,0.9697720833333334
The Curious Case of Benjamin Button,2008,127509326.0,185776663.41673827,150000000.0,218544795.00982338,-0.14993782666666672
Veer-Zaara,2004,2921738.0,4851863.7982106935,7000000.0,11624261.514028586,-0.5826088571428572
Adams æbler,2005,1305.0,2096.078571428571,,,
Pride & Prejudice,2005,38405088.0,61685886.58285714,28000000.0,44973333.333333336,0.37161028571428556
The World's Fastest Indian,2005,5128124.0,8236743.92952381,25000000.0,40154761.9047619,-0.79487504
Tôkyô goddofâzâzu,2003,128985.0,219897.69383152176,,,
Serenity,2005,25514517.0,40981174.21,39000000.0,62641428.57142857,-0.3457816153846153
Walk the Line,2005,119519402.0,191970925.21238095,28000000.0,44973333.333333336,3.268550071428571
Ondskan,2003,15280.0,26049.825652173913,,,
The Notebook,2004,81001787.0,134512279.31309158,29000000.0,48157654.84383272,1.793165068965517
Diarios de motocicleta,2004,16756372.0,27825778.59347803,,,
Lilja 4-ever,2002,181655.0,316749.16784324625,,,
Les triplettes de Belleville,2003,7002255.0,11937665.047255436,,,
Gongdong gyeongbi guyeok JSA,2000,,,,,
The Count of Monte Cristo,2002,54234062.0,94567141.04901612,35000000.0,61028988.32684825,0.5495446285714284
Waking Life,2001,2892011.0,5122484.68988707,,,
Remember the Titans,2000,115654751.0,210683061.4775784,30000000.0,54649651.56794426,2.8551583666666662
Wo hu cang long,2000,128078872.0,233315524.26717773,,,
Todo sobre mi madre,1999,8264530.0,15561177.377971191,,,
Cast Away,2000,233632142.0,425597171.84574914,90000000.0,163948954.70383278,1.5959126888888886
The Boondock Saints,1999,25812.0,48601.083241296525,6000000.0,11297322.92917167,-0.995698
The Insider,1999,28965197.0,54538197.36934575,90000000.0,169459843.93757504,-0.6781644777777777
October Sky,1999,32481825.0,61159611.058973595,,,
Shrek,2001,267665011.0,474102595.34488434,60000000.0,106275211.74477698,3.461083516666667
Titanic,1997,659325379.0,1288617562.6986356,200000000.0,390889719.62616825,2.2966268949999997
Hana-bi,1997,233986.0,457313.609682243,,,
Gattaca,1997,12339633.0,24117178.418299068,36000000.0,70360149.53271028,-0.6572324166666667
The Game,1997,48323648.0,94446086.09016824,50000000.0,97722429.90654206,-0.03352703999999993
Breaking the Waves,1996,4040691.0,8078523.3849522,,,
Ed Wood,1994,5887457.0,12461744.256902836,18000000.0,38099878.54251013,-0.6729190555555555
What's Eating Gilbert Grape,1993,9170214.0,19907233.629384086,11000000.0,23879439.446366783,-0.16634418181818175
Tombstone,1993,56505065.0,122664479.82550174,25000000.0,54271453.28719723,1.2602026000000002
The Sandlot,1993,32416586.0,70371809.31317647,,,
The Remains of the Day,1993,22954968.0,49831978.9408443,11500000.0,24964868.51211073,0.9960841739130436
Naked,1993,1769305.0,3840910.14633218,,,
The Fugitive,1993,183875760.0,399168188.7795156,44000000.0,95517757.78546713,3.178994545454546
A Bronx Tale,1993,17266971.0,37484144.40151557,,,
Batman: Mask of the Phantasm,1993,5617391.0,12194558.930096887,,,
Lat sau san taam,1992,,,,,
Night on Earth,1991,2015810.0,4642712.357488987,,,
La double vie de Véronique,1991,1999955.0,4606195.917731278,,,
Boyz n the Hood,1991,57504069.0,132440483.85125552,6500000.0,14970473.56828194,7.846779846153847
Misery,1990,61276872.0,147068712.32446828,,,
Awakenings,1990,52096475.0,125035127.36247133,,,
Majo no takkyûbin,1989,,,,,
Glory,1989,26830000.0,67873192.50000001,18000000.0,45535500.00000001,0.49055555555555563
Dip huet seung hung,1989,,,,,
Back to the Future Part II,1989,118500000.0,299775375.00000006,40000000.0,101190000.00000001,1.9625000000000004
Mississippi Burning,1988,34603943.0,91757195.906399,,,
Predator,1987,59735548.0,164950566.16700706,18000000.0,49704242.95774648,2.3186415555555557
Evil Dead II,1987,5923044.0,16355578.779190142,3600000.0,9940848.591549296,0.64529
Ferris Bueller's Day Off,1986,70136369.0,200739119.11716244,,,
Down by Law,1986,1436000.0,4110012.8102189787,,,
The Goonies,1985,61503218.0,179301886.16358736,,,
The Color Purple,1985,98467863.0,287065850.15434015,15000000.0,43729879.18215614,5.564524199999999
The Breakfast Club,1985,45875171.0,133741045.68605019,,,
The Killing Fields,1984,34700291.0,104765154.79787296,,,
Ghostbusters,1984,238632124.0,720464603.9021752,144000000.0,434756650.62560153,0.6571675277777779
The Right Stuff,1983,21500000.0,67713990.96385543,27000000.0,85036174.69879518,-0.20370370370370364
The King of Comedy,1982,2500000.0,8126658.031088083,,,
E.T. the Extra-Terrestrial,1982,435110554.0,1414397871.230114,10500000.0,34131963.73056995,40.43910038095238
Kramer vs. Kramer,1979,106260000.0,459126627.2727273,,,
Days of Heaven,1978,,,,,
The Outlaw Josey Wales,1976,31800000.0,175313008.78734624,,,
The Man Who Would Be King,1975,,,,,
The Conversation,1974,4420000.0,28123841.379310347,1600000.0,10180576.064908722,1.7625000000000004
La planète sauvage,1973,193817.0,1369330.2007432433,,,
The Day of the Jackal,1973,16056255.0,113438526.4570946,,,
Badlands,1973,,,,,
Cabaret,1972,42765000.0,320930863.277512,,,
Willy Wonka & the Chocolate Factory,1971,4000000.0,30981629.62962963,3000000.0,23236222.222222224,0.33333333333333326
Midnight Cowboy,1969,44785053.0,382795054.2375204,3600000.0,30770583.106267028,11.4402925
Wait Until Dark,1967,17550741.0,164834562.6811078,,,
Guess Who's Coming to Dinner,1967,56700000.0,532519949.10179645,,,
Bonnie and Clyde,1967,,,,,
My Fair Lady,1964,72000000.0,728568000.0000001,17000000.0,172023000.00000003,3.235294117647059
Mary Poppins,1964,102272727.0,1034897724.5130001,6000000.0,60714000.00000001,16.0454545
The Longest Day,1962,39100000.0,406133771.5231788,10000000.0,103870529.8013245,2.91
Jules et Jim,1962,,,,,
The Innocents,1961,2616000.0,27445164.682274252,,,
À bout de souffle,1960,336705.0,3568265.3630067566,,,
Red River,1948,,,3000000.0,39048423.23651452,
Key Largo,1948,,,,,
To Have and Have Not,1944,,,,,
Shadow of a Doubt,1943,,,,,
Stagecoach,1939,,,,,
The Lady Vanishes,1938,,,,,
Bringing Up Baby,1938,,,,,
Bride of Frankenstein,1935,4360000.0,99830951.82481752,,,
Duck Soup,1933,,,,,
Scarface: The Shame of the Nation,1932,,,,,
Frankenstein,1931,,,,,
Roma,2018,,,,,
God's Own Country,2017,335609.0,429491.072132017,,,
Deadpool 2,2018,324591735.0,405487926.5031043,,,
Wind River,2017,33800859.0,43256191.493354276,,,
Get Out,2017,176040665.0,225285656.6709571,,,
Mission: Impossible - Fallout,2018,220159104.0,275028132.1295544,,,
En man som heter Ove,2015,3358518.0,4444956.070248126,,,
What We Do in the Shadows,2014,3333000.0,4416419.289841849,,,
Omoide no Mânî,2014,765127.0,1013837.8763812856,,,
The Theory of Everything,2014,35893537.0,47561028.85912156,15000000.0,19875874.391727496,1.3929024666666667
Kingsman: The Secret Service,2014,128261724.0,169954261.03269467,,,
The Fault in Our Stars,2014,124872350.0,165463142.90665552,12000000.0,15900699.513381997,9.406029166666666
Me and Earl and the Dying Girl,2015,6743776.0,8925302.192095926,,,
Birdman or (The Unexpected Virtue of Ignorance),2014,42340598.0,56103760.50124189,,,
La vie d'Adèle,2013,2199675.0,2961979.4686358427,,,
Kai po che!,2013,1122527.0,1511542.35375198,,,
The Broken Circle Breakdown,2012,175058.0,239177.71789332476,,,
Captain America: The Winter Soldier,2014,259766572.0,344205850.41610914,170000000.0,225259909.7729116,0.5280386588235296
Rockstar,2011,985912.0,1374904.9714278094,,,
Nebraska,2013,17654912.0,23773278.718252726,12000000.0,16158638.7187335,0.4712426666666667
Wreck-It Ralph,2012,189422889.0,258804135.24535054,165000000.0,225435703.89470112,0.1480175090909091
Le Petit Prince,2015,1339152.0,1772350.7247497016,,,
Detachment,2011,71177.0,99259.98583171438,,,
Midnight in Paris,2011,56816662.0,79233756.20109452,30000000.0,41836542.35148196,0.8938887333333333
The Lego Movie,2014,257760692.0,341547942.4877839,60000000.0,79503497.56690998,3.2960115333333335
Gravity,2013,274092705.0,369080416.29461664,105000000.0,141388088.78891814,1.6104067142857144
Star Trek Into Darkness,2013,228778661.0,308062644.13788384,190000000.0,255845113.04661375,0.2040982157894738
Beasts of No Nation,2015,83861.0,110988.97222140184,,,
The Social Network,2010,96962694.0,139487702.78353268,40000000.0,57542833.03371611,1.42406735
X: First Class,2011,146408305.0,204173908.42470628,,,
The Hangover,2009,277322503.0,405491913.486098,35000000.0,51175857.777446315,6.923500085714286
Skyfall,2012,304360277.0,415840444.13988614,200000000.0,273255398.66024375,0.5218013850000002
Silver Linings Playbook,2012,132092958.0,180475569.49250418,21000000.0,28691816.859325595,5.290140857142857
Argo,2012,136025503.0,185848515.25112593,44500000.0,60799326.20190424,2.0567528764044947
(500) Days of Summer,2009,32391374.0,47361609.9725735,7500000.0,10966255.23802421,3.3188498666666666
Harry Potter and the Deathly Hallows: Part 1,2010,295983305.0,425792947.5095618,,,
Gake no ue no Ponyo,2008,15090400.0,21986189.164108258,,,
Frost/Nixon,2008,18593156.0,27089583.11070445,,,
Papurika,2006,881302.0,1371303.2890773811,,,
Changeling,2008,35739802.0,52071651.34521117,55000000.0,80133091.50360191,-0.3501854181818182
Flipped,2010,1752214.0,2520683.941033496,14000000.0,20139991.56180064,-0.8748418571428571
Toki o kakeru shôjo,2006,,,,,
Death Note: Desu nôto,2006,,,,,
This Is England,2006,327919.0,510240.9880505953,2380000.0,3703272.916666667,-0.8622189075630252
Ex Machina,2014,25442958.0,33713402.49079988,15000000.0,19875874.391727496,0.6961972
Efter brylluppet,2006,412544.0,641917.2361904762,,,
The Last King of Scotland,2006,17605861.0,27394667.31760417,6000000.0,9335982.142857144,1.9343101666666669
Zodiac,2007,33080084.0,50057204.38917511,65000000.0,98358827.78581765,-0.4910756307692307
Lucky Number Slevin,2006,22494487.0,35001354.82412203,27000000.0,42011919.64285715,-0.1668708518518519
Joyeux Noël,2005,1054361.0,1693504.5966666667,22000000.0,35336190.47619048,-0.9520745
Control,2007,871577.0,1318881.4160781477,,,
Tangled,2010,200821936.0,288896578.3188906,260000000.0,374028414.7191547,-0.22760793846153843
Zwartboek,2006,4398392.0,6843884.86154762,,,
Brokeback Mountain,2005,83043761.0,133384098.0252381,14000000.0,22486666.666666668,4.931697214285714
3:10 to Yuma,2007,53606916.0,81118667.98419681,55000000.0,83226700.43415341,-0.025328800000000134
Crash,2004,54580300.0,90636525.81630492,6500000.0,10793957.120169401,7.396969230769231
Kung fu,2004,17108591.0,28410676.560079407,,,
The Bourne Supremacy,2004,176241941.0,292668915.9891424,75000000.0,124545659.07887772,1.3498925466666667
The Machinist,2004,1082715.0,1797966.0435944945,5000000.0,8303043.938591847,-0.783457
Ray,2004,75331600.0,125096316.95288512,40000000.0,66424351.50873478,0.88329
Lost in Translation,2003,44585453.0,76010685.68541849,4000000.0,6819326.086956522,10.14636325
Harry Potter and the Goblet of Fire,2005,290013036.0,465816176.3942857,150000000.0,240928571.42857143,0.9334202399999998
Man on Fire,2004,77911774.0,129380976.57112758,70000000.0,116242615.14028586,0.11302534285714284
Coraline,2009,75286229.0,110081067.0829787,60000000.0,87730041.90419368,0.2547704833333333
The Last Samurai,2003,111110575.0,189424810.6585598,140000000.0,238676413.04347828,-0.2063530357142857
The Magdalene Sisters,2002,4890878.0,8528152.467715397,,,
Good Bye Lenin!,2003,4064200.0,6928776.270652174,,,
In America,2002,15539266.0,27095590.95205114,,,
I Am Sam,2001,40311852.0,71402510.1187352,22000000.0,38967577.63975156,0.8323569090909091
Adaptation.,2002,22245861.0,38789782.60827682,19000000.0,33130022.234574765,0.17083478947368422
Black Hawk Down,2001,108638745.0,192426760.47603053,92000000.0,162955324.6753247,0.18085592391304348
Road to Perdition,2002,104454762.0,182136241.45090607,80000000.0,139494830.46136743,0.30568452500000004
Das Experiment,2001,141072.0,249874.27785431963,,,
Billy Elliot,2000,21995263.0,40067781.96984321,5000000.0,9108275.261324042,3.3990526
Hedwig and the Angry Inch,2001,3029081.0,5365270.411118013,,,
Ocean's Eleven,2001,183417150.0,324878274.2312254,85000000.0,150556549.9717674,1.1578488235294118
Vampire Hunter D: Bloodlust,2000,151086.0,275226.57522648084,,,
"O Brother, Where Art Thou?",2000,45512588.0,82908235.87184669,26000000.0,47363031.35888502,0.7504841538461537
Interstate 60: Episodes of the Road,2002,,,,,
"South Park: Bigger, Longer & Uncut",1999,52037603.0,97980934.25850542,21000000.0,39540630.25210085,1.4779810952380952
Office Space,1999,10824921.0,20382104.70329532,10000000.0,18828871.54861945,0.08249210000000004
Happiness,1998,2807390.0,5402744.550368099,3000000.0,5773417.177914111,-0.06420333333333335
Training Day,2001,76631907.0,135734535.71385095,45000000.0,79706408.80858274,0.7029312666666665
Rushmore,1998,17105219.0,32918521.73552761,9000000.0,17320251.53374233,0.900579888888889
Abre los ojos,1997,368234.0,719694.4250841122,,,
Being John Malkovich,1999,22858926.0,43040778.139339745,13000000.0,24477533.013205286,0.7583789230769231
As Good as It Gets,1997,148478011.0,290192640.45220566,50000000.0,97722429.90654206,1.9695602200000004
The Fifth Element,1997,63540020.0,124185703.01420562,90000000.0,175900373.83177572,-0.2939997777777778
Le dîner de cons,1998,4065116.0,7823203.514871166,,,
Donnie Brasco,1997,41909762.0,81910475.5888972,35000000.0,68405700.93457945,0.1974217714285713
Shine,1996,35811509.0,71597682.8980306,,,
Primal Fear,1996,56116183.0,112192666.21470363,,,
Hamlet,1996,4414535.0,8825946.906405354,,,
A Little Princess,1995,10019307.0,20623007.831515748,,,
Do lok tin si,1995,,,,,
Il postino,1994,21848932.0,46246758.637975715,,,
Clerks,1994,3151130.0,6669870.570647774,27000.0,57149.81781376519,115.70851851851852
Short Cuts,1993,6110979.0,13266068.453501731,,,
Philadelphia,1993,77324422.0,167860350.26130104,26000000.0,56442311.41868512,1.9740162307692306
The Muppet Christmas Carol,1992,27281507.0,60997210.61527441,,,
Malcolm X,1992,48169908.0,107700429.58383463,34000000.0,76018717.03492516,0.41676199999999985
The Last of the Mohicans,1992,75505856.0,168819361.8159943,40000000.0,89433784.74697077,0.8876464000000001
Kurenai no buta,1992,,,,,
Glengarry Glen Ross,1992,10725228.0,23979943.307854597,12500000.0,27948057.733428366,-0.14198175999999998
A Few Good Men,1992,141340178.0,316014676.3837634,40000000.0,89433784.74697077,2.53350445
Fried Green Tomatoes,1991,82418501.0,189822152.42429516,,,
Barton Fink,1991,6153939.0,14173443.25235683,,,
Miller's Crossing,1990,5080409.0,12193331.436886001,,,
Who Framed Roger Rabbit,1988,156452370.0,414855346.51673716,,,
Spoorloos,1988,,,,,
Withnail & I,1987,1544889.0,4265974.344375,,,
The Last Emperor,1987,43984230.0,121455714.12385565,23000000.0,63510977.11267606,0.9123578260869566
Empire of the Sun,1987,22238696.0,61408752.72485916,,,
Der Name der Rose,1986,7153487.0,20474180.5067792,,,
Blue Velvet,1986,8551228.0,24474691.24171533,,,
The Purple Rose of Cairo,1985,10631333.0,30993793.842351303,,,
After Hours,1985,10600000.0,30902447.955390338,,,
Zelig,1983,11798616.0,37159598.940000005,,,
The Verdict,1982,54000000.0,175535813.4715026,16000000.0,52010611.398963735,2.375
Star Trek II: The Wrath of Khan,1982,78912963.0,256519465.8083627,12000000.0,39007958.5492228,5.57608025
First Blood,1982,47212904.0,153473250.18503627,15000000.0,48759948.1865285,2.1475269333333333
Ordinary People,1980,54800000.0,208618412.62135923,6000000.0,22841432.03883495,8.133333333333333
Airplane!,1980,83400000.0,317495905.33980584,3500000.0,13324168.68932039,22.82857142857143
Rupan sansei: Kariosutoro no shiro,1979,,,,,
Halloween,1978,47000000.0,226125506.13496935,300000.0,1443354.2944785277,155.66666666666666
Le locataire,1976,1924733.0,10611029.350386644,,,
Love and Death,1975,,,,,
The Taking of Pelham One Two Three,1974,,,,,
Blazing Saddles,1974,119500000.0,760361774.8478702,2600000.0,16543436.105476676,44.96153846153846
Serpico,1973,29800000.0,210539013.51351354,,,
Enter the Dragon,1973,25000000.0,176626689.1891892,,,
Deliverance,1972,7056013.0,52952001.48222489,,,
The French Connection,1971,15630710.0,121066217.01703703,1800000.0,13941733.333333334,7.6837277777777775
Dirty Harry,1971,35900000.0,278060125.9259259,,,
Where Eagles Dare,1968,,,,,
The Odd Couple,1968,44527234.0,401370790.40879315,,,
The Dirty Dozen,1967,45300000.0,425452446.10778445,,,
Belle de jour,1967,26331.0,247297.75625748505,,,
A Man for All Seasons,1966,28350000.0,274477875.00000006,3900000.0,37758861.11111112,6.26923076923077
Repulsion,1965,,,,,
Zulu,1964,,,16000000.0,161904000.00000003,
Goldfinger,1964,51081062.0,516889266.3780001,2500000.0,25297500.000000004,19.4324248
The Birds,1963,11403529.0,116900706.15950981,,,
Cape Fear,1962,,,35000000.0,363546854.30463576,
Peeping Tom,1960,83957.0,889742.8166554053,,,
The Magnificent Seven,1960,4905000.0,51981234.62837838,,,
Les yeux sans visage,1960,52709.0,558588.9696283784,,,
Invasion of the Body Snatchers,1956,,,,,
Rebel Without a Cause,1955,,,,,
The Ladykillers,1955,,,,,
Sabrina,1954,,,,,
The Quiet Man,1952,10550000.0,124883733.96226417,,,
The Day the Earth Stood Still,1951,,,80000000.0,965196923.0769231,
The African Queen,1951,536118.0,6468243.050076923,,,
Gilda,1946,,,,,
Fantasia,1940,76408097.0,1712027109.9880714,2280000.0,51086494.28571428,32.512323245614034
The Invisible Man,1933,,,,,
Dark Waters,2019,,,,,
Searching,2018,26020957.0,32506015.285806455,,,
Once Upon a Time... in Hollywood,2019,142502728.0,174849654.9814478,,,
Nelyubov,2017,566356.0,724786.420055483,,,
The Florida Project,2017,5904366.0,7556032.4174853135,,,
Just Mercy,2019,,,,,
Gifted,2017,24801212.0,31739015.139800914,,,
The Peanut Butter Falcon,2019,13122642.0,16101371.941069478,,,
Victoria,2015,,,,,
Mustang,2015,845464.0,1118960.9044752065,,,
Guardians of the Galaxy Vol. 2,2017,389813101.0,498858036.22547734,,,
Baby Driver,2017,107825862.0,137988686.4593587,,,
Only the Brave,2017,18340051.0,23470431.86251224,,,
Bridge of Spies,2015,72313754.0,95706338.27322935,40000000.0,52939493.79158457,0.8078438499999998
Incredibles 2,2018,608581744.0,760255184.8160985,,,
Moana,2016,248757044.0,325125302.07583946,,,
Sicario,2015,46889293.0,62057385.891632244,30000000.0,39704620.34368843,0.5629764333333332
Creed,2015,109767581.0,145276004.32166892,37000000.0,48969031.75721573,1.9666913783783784
Leviafan,2014,1092800.0,1448023.7023519871,,,
Hell or High Water,2016,26862450.0,35109205.473382026,,,
Philomena,2013,37707719.0,50775450.685710244,12000000.0,16158638.7187335,2.142309916666667
Dawn of the Planet of the Apes,2014,208545589.0,276335062.1275218,170000000.0,225259909.7729116,0.22673875882352942
El cuerpo,2012,,,,,
Serbuan maut,2011,4105123.0,5724805.074918089,,,
End of Watch,2012,41003371.0,56021962.44509439,7000000.0,9563938.953108532,4.8576244285714285
Kari-gurashi no Arietti,2010,19202743.0,27624505.85595902,,,
A Star Is Born,2018,215288866.0,268944111.81955904,,,
True Grit,2010,171243005.0,246345191.12267035,38000000.0,54665691.38203031,3.5063948684210526
Hævnen,2010,1008098.0,1450220.3723905787,,,
Despicable Me,2010,251513985.0,361820681.11248946,69000000.0,99261386.9831603,2.6451302173913036
50/50,2011,35014192.0,48829090.88369736,8000000.0,11156411.293728523,3.3767739999999997
Kick-Ass,2010,48071303.0,69153974.05605441,28000000.0,40279983.12360128,0.71683225
Celda 211,2009,,,,,
Moneyball,2011,75605492.0,105435745.60208769,50000000.0,69727570.58580327,0.51210984
La piel que habito,2011,3185812.0,4442778.622061982,,,
Zombieland,2009,75590286.0,110525649.30549975,23600000.0,34507149.81564952,2.2029782203389825
Die Welle,2008,,,,,
Sherlock Holmes,2009,209028679.0,305634912.79747087,90000000.0,131595062.85629053,1.322540877777778
The Blind Side,2009,255959475.0,374255591.1254236,29000000.0,42402853.587026946,7.826188793103449
The Visitor,2007,9422422.0,14258128.966512302,,,
Seven Pounds,2008,69951824.0,101917380.2442883,55000000.0,80133091.50360191,0.2718513454545455
Eastern Promises,2007,17114882.0,25898457.403270625,51500000.0,77930455.86107092,-0.6676721941747573
Stardust,2007,38634938.0,58462880.20396527,70000000.0,105924891.46164979,-0.4480723142857143
The Secret of Kells,2009,686383.0,1003606.8225387696,,,
Inside Man,2006,88513495.0,137726734.78697917,45000000.0,70019866.07142858,0.9669665555555553
Gone Baby Gone,2007,20300218.0,30718548.404254705,,,
La Vie En Rose,2007,10301706.0,15588672.713140376,,,
Huo Yuan Jia,2006,24633730.0,38330010.56532738,,,
The Illusionist,2006,39868642.0,62035488.29532739,40000000.0,62239880.95238096,-0.0032839500000000554
Dead Man's Shoes,2004,6013.0,9985.240640550555,,,
Harry Potter and the Half-Blood Prince,2009,301959197.0,441514883.4361113,250000000.0,365541841.2674737,0.20783678799999997
300,2006,210614939.0,327716218.2538244,65000000.0,101139806.54761906,2.2402298307692305
Match Point,2005,23089926.0,37086819.23714285,15000000.0,24092857.14285714,0.5393283999999999
Watchmen,2009,107509799.0,157197319.523024,130000000.0,190081757.45908633,-0.17300154615384628
Lord of War,2005,24149632.0,38788908.921904765,42000000.0,67460000.0,-0.42500876190476183
Saw,2004,56000369.0,92994704.87687136,1200000.0,1992730.5452620434,45.66697416666667
"Synecdoche, New York",2008,3081925.0,4490257.782404332,21000000.0,30596271.301375274,-0.8532416666666667
Mysterious Skin,2004,697181.0,1157744.8952302805,,,
Jeux d'enfants,2003,548707.0,935452.9897989131,,,
Un long dimanche de fiançailles,2004,6167817.0,10242331.111238752,,,
The Station Agent,2003,5739376.0,9784669.119913043,500000.0,852415.7608695653,10.478752
21 Grams,2003,16290476.0,27772516.988934785,20000000.0,34096630.43478261,-0.18547619999999995
Boksuneun naui geot,2002,45289.0,78969.76720956087,,,
Finding Neverland,2004,51680613.0,85821280.1024722,25000000.0,41515219.692959234,1.0672245200000001
25th Hour,2002,13060843.0,22774000.99959422,15000000.0,26155280.711506393,-0.12927713333333335
The Butterfly Effect,2004,57938693.0,96213502.74471678,13000000.0,21587914.240338802,3.4568225384615388
28 Days Later...,2002,45064915.0,78579033.47101168,,,
Batoru rowaiaru,2000,,,,,
The Royal Tenenbaums,2001,52364010.0,92749937.50926031,21000000.0,37196324.110671945,1.4935242857142854
Y tu mamá también,2001,13622333.0,24128605.400547717,,,
Harry Potter and the Sorcerer's Stone,2001,317575550.0,562506813.6869001,,,
The Others,2001,96522687.0,170966149.9849972,,,
Blow,2001,52990775.0,93860097.22741391,53000000.0,93876437.04121967,-0.0001740566037735795
Enemy at the Gates,2001,51401758.0,91045545.2583964,68000000.0,120445239.97741391,-0.24409179411764703
Minority Report,2002,132072926.0,230293630.2613341,102000000.0,177855908.83824348,0.29483260784313725
The Hurricane,1999,50668906.0,95403832.25830734,50000000.0,94144357.74309725,0.013378120000000084
American Psycho,2000,15070285.0,27452860.809320558,7000000.0,12751585.36585366,1.152897857142857
Lola rennt,1998,7267585.0,13986266.693650307,,,
The Thin Red Line,1998,36400491.0,70051740.00796933,52000000.0,100072564.41717792,-0.2999905576923076
Mulan,1998,120620254.0,232130348.81598774,90000000.0,173202515.33742332,0.3402250444444444
Fear and Loathing in Las Vegas,1998,10680275.0,20553894.38328221,18500000.0,35602739.26380368,-0.4226878378378378
Funny Games,1997,,,15000000.0,29316728.97196262,
Dark City,1998,14378331.0,27670701.061711658,27000000.0,51960754.601227,-0.46746922222222226
Sleepers,1996,49100000.0,98165263.8623327,44000000.0,87968871.89292544,0.11590909090909084
Lost Highway,1997,3796699.0,7420453.038074767,,,
Sense and Sensibility,1995,43182776.0,88884263.91511811,16500000.0,33962391.732283466,1.6171379393939393
Die Hard: With a Vengeance,1995,100012499.0,205858404.19167325,90000000.0,185249409.4488189,0.11124998888888903
Dead Man,1995,1037847.0,2136228.264980315,,,
The Bridges of Madison County,1995,71516617.0,147204567.3891929,24000000.0,49399842.519685045,1.9798590416666662
Trois couleurs: Blanc,1994,1464625.0,3100113.033906883,,,
Falling Down,1993,40903593.0,88795897.47112112,,,
Dazed and Confused,1993,7993039.0,17351753.70844983,6900000.0,14978921.107266437,0.15841144927536238
My Cousin Vinny,1992,52929168.0,118341395.44370633,11000000.0,24594290.805416964,3.811742545454545
Omohide poro poro,1991,453243.0,1043886.5156167402,,,
Delicatessen,1991,1794187.0,4132281.393854626,,,
Home Alone,1990,285761243.0,685846660.7148203,18000000.0,43201239.47972457,14.87562461111111
The Godfather: Part III,1990,66666062.0,160003139.4240092,54000000.0,129603718.4391737,0.2345567037037037
When Harry Met Sally...,1989,92823600.0,234820502.10000002,16000000.0,40476000.00000001,4.801475
The Little Mermaid,1989,111543479.0,282177116.00025004,,,
The Naked Gun: From the Files of Police Squad!,1988,78756177.0,208833021.1914878,,,
"Planes, Trains & Automobiles",1987,49530280.0,136770281.71584508,,,
Lethal Weapon,1987,65207127.0,180059493.49914613,,,
Blood Simple,1984,2150000.0,6491158.325312801,,,
On Golden Pond,1981,119285432.0,411644971.1622442,,,
Mad Max 2,1981,12465371.0,43017049.10471947,,,
The Warriors,1979,22490039.0,97174625.94863637,,,
The Muppet Movie,1979,76657000.0,331218425.2479339,,,
Escape from Alcatraz,1979,43000000.0,185793760.33057854,8000000.0,34566280.99173554,4.375
Watership Down,1978,,,,,
Midnight Express,1978,35000000.0,168391334.35582823,,,
Close Encounters of the Third Kind,1977,132088635.0,683741779.2824258,20000000.0,103527722.77227724,5.60443175
The Long Goodbye,1973,959000.0,6775399.797297298,,,
Giù la testa,1971,696690.0,5396147.886666667,,,
Kelly's Heroes,1970,1378435.0,11144327.234922681,,,
The Jungle Book,1967,141843612.0,1332179066.008024,175000000.0,1643580089.8203592,-0.18946507428571424
Blowup,1966,,,,,
A Hard Day's Night,1964,13780024.0,139440062.85600004,560000.0,5666640.000000001,23.607185714285716
Breakfast at Tiffany's,1961,,,,,
Giant,1956,,,,,
From Here to Eternity,1953,30500000.0,358333876.4044944,1650000.0,19385275.280898876,17.484848484848488
Lifeboat,1944,,,,,
The 39 Steps,1935,,,,,
